40.000000,40.000000,40.000000,40.000000,40.000000,40.000000,40.000000,40.000000,40.000000,40.000000,40.000000,40.000000,40.000000,40.000000,40.000000,40.000000,40.000000,40.000000,40.000000,40.000000,40.000000,40.000000,40.000000,40.000000,40.000000,40.000000,40.000000,40.000000,40.000000,40.000000,39.990000,37.990000,35.990000,33.990000,31.990000,29.990000,27.990000,25.989999,23.989999,21.989998,19.990000,17.990000,15.990000,13.990000,11.990000,9.990000,7.990000,5.989999,3.989999,1.989998,0.000000,0.000000,0.000000,0.000000,0.000000,0.000000,0.000000,0.000000,0.000000,0.000000,0.000000,0.000000,0.000000,0.000000,0.000000,0.000000,0.000000,0.000000,0.000000,0.000000,0.000000,0.000000,0.000000,0.000000,0.000000,0.000000,0.000000,0.000000,0.000000,0.000000,0.000000,0.000000,0.000000,0.000000,0.000000,0.000000,0.000000,0.000000,0.000000,0.000000,
40.000000,40.000000,40.000000,40.000000,40.000000,40.000000,40.000000,40.000000,40.000000,40.000000,40.000000,40.000000,40.000000,40.000000,40.000000,40.000000,40.000000,40.000000,40.000000,40.000000,40.000000,40.000000,40.000000,40.000000,40.000000,40.000000,40.000000,40.000000,40.000000,40.000000,39.990000,37.990000,35.990000,33.990000,31.990000,29.990000,27.990000,25.989999,23.989999,21.989998,19.990000,17.990000,15.990000,13.990000,11.990000,9.990000,7.990000,5.989999,3.989999,1.989998,0.000000,0.000000,0.000000,0.000000,0.000000,0.000000,0.000000,0.000000,0.000000,0.000000,0.000000,0.000000,0.000000,0.000000,0.000000,0.000000,0.000000,0.000000,0.000000,0.000000,0.000000,0.000000,0.000000,0.000000,0.000000,0.000000,0.000000,0.000000,0.000000,0.000000,0.000000,0.000000,0.000000,0.000000,0.000000,0.000000,0.000000,0.000000,0.000000,0.000000,
40.000000,40.000000,40.000000,40.000000,40.000000,40.000000,40.000000,40.000000,40.000000,40.000000,40.000000,40.000000,40.000000,40.000000,40.000000,40.000000,40.000000,40.000000,40.000000,40.000000,40.000000,40.000000,40.000000,40.000000,40.000000,40.000000,40.000000,40.000000,40.000000,40.000000,39.990000,37.990000,35.990000,33.990000,31.990000,29.990000,27.990000,25.989999,23.989999,21.989998,19.990000,17.990000,15.990000,13.990000,11.990000,9.990000,7.990000,5.989999,3.989999,1.989998,0.000000,0.000000,0.000000,0.000000,0.000000,0.000000,0.000000,0.000000,0.000000,0.000000,0.000000,0.000000,0.000000,0.000000,0.000000,0.000000,0.000000,0.000000,0.000000,0.000000,0.000000,0.000000,0.000000,0.000000,0.000000,0.000000,0.000000,0.000000,0.000000,0.000000,0.000000,0.000000,0.000000,0.000000,0.000000,0.000000,0.000000,0.000000,0.000000,0.000000,
40.000000,40.000000,40.000000,40.000000,40.000000,40.000000,40.000000,40.000000,40.000000,40.000000,40.000000,40.000000,40.000000,40.000000,40.000000,40.000000,40.000000,40.000000,40.000000,40.000000,40.000000,40.000000,40.000000,40.000000,40.000000,40.000000,40.000000,40.000000,40.000000,40.000000,39.990000,37.990000,35.990000,33.990000,31.990000,29.990000,27.990000,25.989999,23.989999,21.989998,19.990000,17.990000,15.990000,13.990000,11.990000,9.990000,7.990000,5.989999,3.989999,1.989998,0.000000,0.000000,0.000000,0.000000,0.000000,0.000000,0.000000,0.000000,0.000000,0.000000,0.000000,0.000000,0.000000,0.000000,0.000000,0.000000,0.000000,0.000000,0.000000,0.000000,0.000000,0.000000,0.000000,0.000000,0.000000,0.000000,0.000000,0.000000,0.000000,0.000000,0.000000,0.000000,0.000000,0.000000,0.000000,0.000000,0.000000,0.000000,0.000000,0.000000,
37.640000,39.637175,40.000000,40.000000,40.000000,40.000000,40.000000,40.000000,40.000000,40.000000,40.000000,40.000000,40.000000,40.000000,40.000000,40.000000,40.000000,40.000000,40.000000,40.000000,40.000000,40.000000,40.000000,40.000000,40.000000,40.000000,40.000000,39.924765,39.203759,38.481794,37.770000,37.053880,35.990000,33.990000,31.990000,29.990000,27.990000,25.989999,23.989999,21.989998,19.990000,17.990000,15.990000,13.990000,11.990000,9.990000,7.990000,5.989999,3.989999,1.989998,0.000000,0.000000,0.000000,0.000000,0.000000,0.000000,0.000000,0.000000,0.000000,0.000000,0.000000,0.000000,0.000000,0.000000,0.000000,0.000000,0.000000,0.000000,0.000000,0.000000,0.000000,0.000000,0.000000,0.000000,0.000000,0.000000,0.000000,0.000000,0.000000,0.000000,0.000000,0.000000,0.000000,0.000000,0.000000,0.000000,0.000000,0.000000,0.000000,0.000000,
30.870000,32.643310,34.090480,35.253870,36.175840,36.898750,37.464960,37.916830,38.296720,38.646990,39.010000,39.334205,39.547040,39.659335,39.681920,39.625625,39.501280,39.319715,39.091760,38.828245,38.540000,38.203015,37.792720,37.319105,36.792160,36.221875,35.618240,34.991245,34.350880,33.707134,33.070000,32.425615,31.755920,31.064605,30.355360,29.631875,27.990000,25.989999,23.989999,21.989998,19.990000,17.990000,15.990000,13.990000,11.990000,9.990000,7.990000,5.989999,3.989999,1.989998,0.000000,0.000000,0.000000,0.000000,0.000000,0.000000,0.000000,0.000000,0.000000,0.000000,0.000000,0.000000,0.000000,0.000000,0.000000,0.000000,0.000000,0.000000,0.000000,0.000000,0.000000,0.000000,0.000000,0.000000,0.000000,0.000000,0.000000,0.000000,0.000000,0.000000,0.000000,0.000000,0.000000,0.000000,0.000000,0.000000,0.000000,0.000000,0.000000,0.000000,
25.030000,26.569425,27.880800,28.989775,29.922000,30.703125,31.358800,31.914675,32.396400,32.829625,33.240000,33.589860,33.831680,33.976320,34.034640,34.017500,33.935760,33.800280,33.621920,33.411540,33.180000,32.905065,32.563120,32.162955,31.713360,31.223125,30.701040,30.155895,29.596480,29.031584,28.470000,27.898685,27.301280,26.681595,26.043440,25.390625,24.726960,24.056255,23.382320,21.989998,19.990000,17.990000,15.990000,13.990000,11.990000,9.990000,7.990000,5.989999,3.989999,1.989998,0.000000,0.000000,0.000000,0.000000,0.000000,0.000000,0.000000,0.000000,0.000000,0.000000,0.000000,0.000000,0.000000,0.000000,0.000000,0.000000,0.000000,0.000000,0.000000,0.000000,0.000000,0.000000,0.000000,0.000000,0.000000,0.000000,0.000000,0.000000,0.000000,0.000000,0.000000,0.000000,0.000000,0.000000,0.000000,0.000000,0.000000,0.000000,0.000000,0.000000,
20.520000,21.837020,22.986160,23.984040,24.847280,25.592500,26.236320,26.795360,27.286240,27.725580,28.130000,28.471610,28.717680,28.877570,28.960640,28.976250,28.933760,28.842530,28.711920,28.551290,28.370000,28.148820,27.867360,27.533240,27.154080,26.737500,26.291120,25.822560,25.339440,24.849380,24.360000,23.859280,23.332640,22.783860,22.216720,21.635000,21.042480,20.442940,19.840160,19.237919,18.640000,17.990000,15.990000,13.990000,11.990000,9.990000,7.990000,5.989999,3.989999,1.989998,0.000000,0.000000,0.000000,0.000000,0.000000,0.000000,0.000000,0.000000,0.000000,0.000000,0.000000,0.000000,0.000000,0.000000,0.000000,0.000000,0.000000,0.000000,0.000000,0.000000,0.000000,0.000000,0.000000,0.000000,0.000000,0.000000,0.000000,0.000000,0.000000,0.000000,0.000000,0.000000,0.000000,0.000000,0.000000,0.000000,0.000000,0.000000,0.000000,0.000000,
16.660000,17.769185,18.755680,19.629895,20.402240,21.083125,21.682960,22.212155,22.681120,23.100265,23.480000,23.800085,24.038480,24.202895,24.301040,24.340625,24.329360,24.274955,24.185120,24.067565,23.930000,23.756460,23.530080,23.257220,22.944240,22.597500,22.223360,21.828180,21.418320,21.000140,20.580000,20.147020,19.688560,19.208340,18.710080,18.197500,17.674320,17.144260,16.611040,16.078379,15.550000,15.021450,14.486400,13.945750,11.990000,9.990000,7.990000,5.989999,3.989999,1.989998,0.000000,0.000000,0.000000,0.000000,0.000000,0.000000,0.000000,0.000000,0.000000,0.000000,0.000000,0.000000,0.000000,0.000000,0.000000,0.000000,0.000000,0.000000,0.000000,0.000000,0.000000,0.000000,0.000000,0.000000,0.000000,0.000000,0.000000,0.000000,0.000000,0.000000,0.000000,0.000000,0.000000,0.000000,0.000000,0.000000,0.000000,0.000000,0.000000,0.000000,
13.130000,14.020070,14.818160,15.531590,16.167680,16.733750,17.237120,17.685110,18.085040,18.444230,18.770000,19.048195,19.263360,19.420865,19.526080,19.584375,19.601120,19.581685,19.531440,19.455755,19.360000,19.232050,19.059600,18.847750,18.601600,18.326250,18.026800,17.708350,17.376000,17.034850,16.690000,16.332070,15.950560,15.548890,15.130480,14.698750,14.257120,13.809010,13.357840,12.907030,12.460000,12.012640,11.559120,11.100280,10.636960,9.990000,7.990000,5.989999,3.989999,1.989998,0.000000,0.000000,0.000000,0.000000,0.000000,0.000000,0.000000,0.000000,0.000000,0.000000,0.000000,0.000000,0.000000,0.000000,0.000000,0.000000,0.000000,0.000000,0.000000,0.000000,0.000000,0.000000,0.000000,0.000000,0.000000,0.000000,0.000000,0.000000,0.000000,0.000000,0.000000,0.000000,0.000000,0.000000,0.000000,0.000000,0.000000,0.000000,0.000000,0.000000,
10.100000,10.809440,11.456320,12.044480,12.577760,13.060000,13.495040,13.886720,14.238880,14.555360,14.840000,15.083660,15.277280,15.424820,15.530240,15.597500,15.630560,15.633380,15.609920,15.564140,15.500000,15.408305,15.279840,15.118535,14.928320,14.713125,14.476880,14.223515,13.956960,13.681145,13.400000,13.105480,12.789040,12.453860,12.103120,11.740000,11.367680,10.989340,10.608160,10.227320,9.850000,9.472380,9.089040,8.700760,8.308320,7.912500,7.514080,5.989999,3.989999,1.989998,0.000000,0.000000,0.000000,0.000000,0.000000,0.000000,0.000000,0.000000,0.000000,0.000000,0.000000,0.000000,0.000000,0.000000,0.000000,0.000000,0.000000,0.000000,0.000000,0.000000,0.000000,0.000000,0.000000,0.000000,0.000000,0.000000,0.000000,0.000000,0.000000,0.000000,0.000000,0.000000,0.000000,0.000000,0.000000,0.000000,0.000000,0.000000,0.000000,0.000000,
7.550000,8.094770,8.597360,9.059690,9.483680,9.871250,10.224320,10.544810,10.834640,11.095730,11.330000,11.531845,11.696160,11.825615,11.922880,11.990625,12.031520,12.048235,12.043440,12.019805,11.980000,11.917480,11.825840,11.707960,11.566720,11.405000,11.225680,11.031640,10.825760,10.610920,10.390000,10.156415,9.903520,9.634105,9.350960,9.056875,8.754640,8.447045,8.136880,7.826935,7.520000,7.212715,6.900320,6.583505,6.262960,5.939375,5.613440,5.285845,3.989999,1.989998,0.000000,0.000000,0.000000,0.000000,0.000000,0.000000,0.000000,0.000000,0.000000,0.000000,0.000000,0.000000,0.000000,0.000000,0.000000,0.000000,0.000000,0.000000,0.000000,0.000000,0.000000,0.000000,0.000000,0.000000,0.000000,0.000000,0.000000,0.000000,0.000000,0.000000,0.000000,0.000000,0.000000,0.000000,0.000000,0.000000,0.000000,0.000000,0.000000,0.000000,
5.120000,5.512045,5.882960,6.232415,6.560080,6.865625,7.148720,7.409035,7.646240,7.860005,8.050000,8.213980,8.351040,8.462860,8.551120,8.617500,8.663680,8.691340,8.702160,8.697820,8.680000,8.644330,8.586640,8.508910,8.413120,8.301250,8.175280,8.037190,7.888960,7.732570,7.570000,7.396135,7.206080,7.002145,6.786640,6.561875,6.330160,6.093805,5.855120,5.616415,5.380000,5.142960,4.901280,4.655620,4.406640,4.155000,3.901360,3.646380,3.390720,1.989998,0.000000,0.000000,0.000000,0.000000,0.000000,0.000000,0.000000,0.000000,0.000000,0.000000,0.000000,0.000000,0.000000,0.000000,0.000000,0.000000,0.000000,0.000000,0.000000,0.000000,0.000000,0.000000,0.000000,0.000000,0.000000,0.000000,0.000000,0.000000,0.000000,0.000000,0.000000,0.000000,0.000000,0.000000,0.000000,0.000000,0.000000,0.000000,0.000000,0.000000,
3.070000,3.324475,3.572800,3.813325,4.044400,4.264375,4.471600,4.664425,4.841200,5.000275,5.140000,5.260220,5.362560,5.448040,5.517680,5.572500,5.613520,5.641760,5.658240,5.663980,5.660000,5.643785,5.612880,5.568395,5.511440,5.443125,5.364560,5.276855,5.181120,5.078465,4.970000,4.852100,4.721600,4.580300,4.430000,4.272500,4.109600,3.943100,3.774800,3.606500,3.440000,3.273080,3.102640,2.929160,2.753120,2.575000,2.395280,2.214440,2.032960,1.851320,0.000000,0.000000,0.000000,0.000000,0.000000,0.000000,0.000000,0.000000,0.000000,0.000000,0.000000,0.000000,0.000000,0.000000,0.000000,0.000000,0.000000,0.000000,0.000000,0.000000,0.000000,0.000000,0.000000,0.000000,0.000000,0.000000,0.000000,0.000000,0.000000,0.000000,0.000000,0.000000,0.000000,0.000000,0.000000,0.000000,0.000000,0.000000,0.000000,0.000000,
1.490000,1.643725,1.804800,1.970075,2.136400,2.300625,2.459600,2.610175,2.749200,2.873525,2.980000,3.070215,3.148320,3.215005,3.270960,3.316875,3.353440,3.381345,3.401280,3.413935,3.420000,3.418000,3.406400,3.385800,3.356800,3.320000,3.276000,3.225400,3.168800,3.106800,3.040000,2.965965,2.882720,2.791555,2.693760,2.590625,2.483440,2.373495,2.262080,2.150485,2.040000,1.928920,1.814960,1.698540,1.580080,1.460000,1.338720,1.216660,1.094240,0.971880,0.000000,0.000000,0.000000,0.000000,0.000000,0.000000,0.000000,0.000000,0.000000,0.000000,0.000000,0.000000,0.000000,0.000000,0.000000,0.000000,0.000000,0.000000,0.000000,0.000000,0.000000,0.000000,0.000000,0.000000,0.000000,0.000000,0.000000,0.000000,0.000000,0.000000,0.000000,0.000000,0.000000,0.000000,0.000000,0.000000,0.000000,0.000000,0.000000,0.000000,
0.310000,0.376930,0.457440,0.548110,0.645520,0.746250,0.846880,0.943990,1.034160,1.113970,1.180000,1.234425,1.282000,1.323175,1.358400,1.388125,1.412800,1.432875,1.448800,1.461025,1.470000,1.475170,1.475760,1.471890,1.463680,1.451250,1.434720,1.414210,1.389840,1.361730,1.330000,1.293290,1.250720,1.203130,1.151360,1.096250,1.038640,0.979370,0.919280,0.859210,0.800000,0.740590,0.679520,0.617030,0.553360,0.488750,0.423440,0.357670,0.291680,0.225710,0.000000,0.000000,0.000000,0.000000,0.000000,0.000000,0.000000,0.000000,0.000000,0.000000,0.000000,0.000000,0.000000,0.000000,0.000000,0.000000,0.000000,0.000000,0.000000,0.000000,0.000000,0.000000,0.000000,0.000000,0.000000,0.000000,0.000000,0.000000,0.000000,0.000000,0.000000,0.000000,0.000000,0.000000,0.000000,0.000000,0.000000,0.000000,0.000000,0.000000,
-0.290000,-0.284275,-0.267600,-0.242225,-0.210400,-0.174375,-0.136400,-0.098725,-0.063600,-0.033275,-0.010000,0.007920,0.023760,0.037640,0.049680,0.060000,0.068720,0.075960,0.081840,0.086480,0.090000,0.092255,0.093040,0.092385,0.090320,0.086875,0.082080,0.075965,0.068560,0.059895,0.050000,0.038490,0.025120,0.010130,-0.006240,-0.023750,-0.042160,-0.061230,-0.080720,-0.100390,-0.120000,-0.139930,-0.160640,-0.182010,-0.203920,-0.226250,-0.248880,-0.271690,-0.294560,-0.317370,-0.330000,0.000000,0.000000,0.000000,0.000000,0.000000,0.000000,0.000000,0.000000,0.000000,0.000000,0.000000,0.000000,0.000000,0.000000,0.000000,0.000000,0.000000,0.000000,0.000000,0.000000,0.000000,0.000000,0.000000,0.000000,0.000000,0.000000,0.000000,0.000000,0.000000,0.000000,0.000000,0.000000,0.000000,0.000000,0.000000,0.000000,0.000000,0.000000,0.000000,
0.000000,0.000000,0.000000,0.000000,0.000000,0.000000,0.000000,0.000000,0.000000,0.000000,0.000000,0.000000,0.000000,0.000000,0.000000,0.000000,0.000000,0.000000,0.000000,0.000000,0.000000,0.000000,0.000000,0.000000,0.000000,0.000000,0.000000,0.000000,0.000000,0.000000,0.000000,0.000000,0.000000,0.000000,0.000000,0.000000,0.000000,0.000000,0.000000,0.000000,0.000000,0.000000,0.000000,0.000000,0.000000,0.000000,0.000000,0.000000,0.000000,0.000000,0.000000,0.000000,0.000000,0.000000,0.000000,0.000000,0.000000,0.000000,0.000000,0.000000,0.000000,0.000000,0.000000,0.000000,0.000000,0.000000,0.000000,0.000000,0.000000,0.000000,0.000000,0.000000,0.000000,0.000000,0.000000,0.000000,0.000000,0.000000,0.000000,0.000000,0.000000,0.000000,0.000000,0.000000,0.000000,0.000000,0.000000,0.000000,0.000000,0.000000,
1.040000,1.095345,1.136960,1.167215,1.188480,1.203125,1.213520,1.222035,1.231040,1.242905,1.260000,1.279450,1.297200,1.313850,1.330000,1.346250,1.363200,1.381450,1.401600,1.424250,1.450000,1.479250,1.511600,1.546450,1.583200,1.621250,1.660000,1.698850,1.737200,1.774450,1.810000,1.844215,1.877920,1.911205,1.944160,1.976875,2.009440,2.041945,2.074480,2.107135,2.140000,2.173000,2.206000,2.239000,2.272000,2.305000,2.338000,2.371000,2.404000,1.989998,0.000000,0.000000,0.000000,0.000000,0.000000,0.000000,0.000000,0.000000,0.000000,0.000000,0.000000,0.000000,0.000000,0.000000,0.000000,0.000000,0.000000,0.000000,0.000000,0.000000,0.000000,0.000000,0.000000,0.000000,0.000000,0.000000,0.000000,0.000000,0.000000,0.000000,0.000000,0.000000,0.000000,0.000000,0.000000,0.000000,0.000000,0.000000,0.000000,0.000000,
-1.180000,-1.129070,-1.026160,-0.881590,-0.705680,-0.508750,-0.301120,-0.093110,0.104960,0.282770,0.430000,0.551650,0.661200,0.761050,0.853600,0.941250,1.026400,1.111450,1.198800,1.290850,1.390000,1.496860,1.609280,1.725520,1.843840,1.962500,2.079760,2.193880,2.303120,2.405740,2.500000,2.586000,2.665600,2.739700,2.809200,2.875000,2.938000,2.999100,3.059200,3.119200,3.180000,3.240445,3.298960,3.355815,3.411280,3.465625,3.519120,3.572035,3.624640,1.989998,0.000000,0.000000,0.000000,0.000000,0.000000,0.000000,0.000000,0.000000,0.000000,0.000000,0.000000,0.000000,0.000000,0.000000,0.000000,0.000000,0.000000,0.000000,0.000000,0.000000,0.000000,0.000000,0.000000,0.000000,0.000000,0.000000,0.000000,0.000000,0.000000,0.000000,0.000000,0.000000,0.000000,0.000000,0.000000,0.000000,0.000000,0.000000,0.000000,0.000000,
-4.100000,-4.182285,-4.168080,-4.075295,-3.921840,-3.725625,-3.504560,-3.276555,-3.059520,-2.871365,-2.730000,-2.623695,-2.527360,-2.438865,-2.356080,-2.276875,-2.199120,-2.120685,-2.039440,-1.953255,-1.860000,-1.758930,-1.651840,-1.540410,-1.426320,-1.311250,-1.196880,-1.084890,-0.976960,-0.874770,-0.780000,-0.692375,-0.610000,-0.532125,-0.458000,-0.386875,-0.318000,-0.250625,-0.184000,-0.117375,-0.050000,0.017230,0.083040,0.147610,0.211120,0.273750,0.335680,0.397090,0.458160,0.519070,0.000000,0.000000,0.000000,0.000000,0.000000,0.000000,0.000000,0.000000,0.000000,0.000000,0.000000,0.000000,0.000000,0.000000,0.000000,0.000000,0.000000,0.000000,0.000000,0.000000,0.000000,0.000000,0.000000,0.000000,0.000000,0.000000,0.000000,0.000000,0.000000,0.000000,0.000000,0.000000,0.000000,0.000000,0.000000,0.000000,0.000000,0.000000,0.000000,0.000000,
-7.040000,-7.233900,-7.278800,-7.202000,-7.030800,-6.792500,-6.514400,-6.223800,-5.948000,-5.714300,-5.550000,-5.435860,-5.332880,-5.238720,-5.151040,-5.067500,-4.985760,-4.903480,-4.818320,-4.727940,-4.630000,-4.523795,-4.411360,-4.294465,-4.174880,-4.054375,-3.934720,-3.817685,-3.705040,-3.598555,-3.500000,-3.409025,-3.323600,-3.242975,-3.166400,-3.093125,-3.022400,-2.953475,-2.885600,-2.818025,-2.750000,-2.682645,-2.617360,-2.553815,-2.491680,-2.430625,-2.370320,-2.310435,-2.250640,-2.190605,-2.120000,-0.011490,0.000000,0.000000,0.000000,0.000000,0.000000,0.000000,0.000000,0.000000,0.000000,0.000000,0.000000,0.000000,0.000000,0.000000,0.000000,0.000000,0.000000,0.000000,0.000000,0.000000,0.000000,0.000000,0.000000,0.000000,0.000000,0.000000,0.000000,0.000000,0.000000,0.000000,0.000000,0.000000,0.000000,0.000000,0.000000,0.000000,0.000000,0.000000,
-9.020000,-9.258915,-9.303520,-9.189605,-8.952960,-8.629375,-8.254640,-7.864545,-7.494880,-7.181435,-6.960000,-6.805205,-6.665840,-6.538935,-6.421520,-6.310625,-6.203280,-6.096515,-5.987360,-5.872845,-5.750000,-5.618240,-5.480320,-5.338280,-5.194160,-5.050000,-4.907840,-4.769720,-4.637680,-4.513760,-4.400000,-4.296410,-4.200880,-4.112270,-4.029440,-3.951250,-3.876560,-3.804230,-3.733120,-3.662090,-3.590000,-3.518295,-3.448960,-3.381665,-3.316080,-3.251875,-3.188720,-3.126285,-3.064240,-3.002255,-2.930000,-0.820275,0.000000,0.000000,0.000000,0.000000,0.000000,0.000000,0.000000,0.000000,0.000000,0.000000,0.000000,0.000000,0.000000,0.000000,0.000000,0.000000,0.000000,0.000000,0.000000,0.000000,0.000000,0.000000,0.000000,0.000000,0.000000,0.000000,0.000000,0.000000,0.000000,0.000000,0.000000,0.000000,0.000000,0.000000,0.000000,0.000000,0.000000,0.000000,
-8.480000,-8.683505,-8.697440,-8.556935,-8.297120,-7.953125,-7.560080,-7.153115,-6.767360,-6.437945,-6.200000,-6.029335,-5.876080,-5.736845,-5.608240,-5.486875,-5.369360,-5.252305,-5.132320,-5.006015,-4.870000,-4.723635,-4.570080,-4.411645,-4.250640,-4.089375,-3.930160,-3.775305,-3.627120,-3.487915,-3.360000,-3.243295,-3.135360,-3.034965,-2.940880,-2.851875,-2.766720,-2.684185,-2.603040,-2.522055,-2.440000,-2.358485,-2.279680,-2.203195,-2.128640,-2.055625,-1.983760,-1.912655,-1.841920,-1.771165,-1.690000,0.000000,0.000000,0.000000,0.000000,0.000000,0.000000,0.000000,0.000000,0.000000,0.000000,0.000000,0.000000,0.000000,0.000000,0.000000,0.000000,0.000000,0.000000,0.000000,0.000000,0.000000,0.000000,0.000000,0.000000,0.000000,0.000000,0.000000,0.000000,0.000000,0.000000,0.000000,0.000000,0.000000,0.000000,0.000000,0.000000,0.000000,0.000000,0.000000,
-4.470000,-4.532735,-4.481280,-4.337145,-4.121840,-3.856875,-3.563760,-3.264005,-2.979120,-2.730615,-2.540000,-2.393805,-2.262240,-2.142335,-2.031120,-1.925625,-1.822880,-1.719915,-1.613760,-1.501445,-1.380000,-1.248660,-1.110080,-0.966420,-0.819840,-0.672500,-0.526560,-0.384180,-0.247520,-0.118740,0.000000,0.108925,0.210400,0.305475,0.395200,0.480625,0.562800,0.642775,0.721600,0.800325,0.880000,0.959300,1.036400,1.111600,1.185200,1.257500,1.328800,1.399400,1.469600,1.539700,0.000000,0.000000,0.000000,0.000000,0.000000,0.000000,0.000000,0.000000,0.000000,0.000000,0.000000,0.000000,0.000000,0.000000,0.000000,0.000000,0.000000,0.000000,0.000000,0.000000,0.000000,0.000000,0.000000,0.000000,0.000000,0.000000,0.000000,0.000000,0.000000,0.000000,0.000000,0.000000,0.000000,0.000000,0.000000,0.000000,0.000000,0.000000,0.000000,0.000000,
3.290000,3.488115,3.651120,3.784505,3.893760,3.984375,4.061840,4.131645,4.199280,4.270235,4.350000,4.431525,4.505200,4.572675,4.635600,4.695625,4.754400,4.813575,4.874800,4.939725,5.010000,5.086185,5.166880,5.250795,5.336640,5.423125,5.508960,5.592855,5.673520,5.749665,5.820000,5.884700,5.945200,6.002100,6.056000,6.107500,6.157200,6.205700,6.253600,6.301500,6.350000,6.398375,6.445600,6.491825,6.537200,6.581875,6.626000,5.989999,3.989999,1.989998,0.000000,0.000000,0.000000,0.000000,0.000000,0.000000,0.000000,0.000000,0.000000,0.000000,0.000000,0.000000,0.000000,0.000000,0.000000,0.000000,0.000000,0.000000,0.000000,0.000000,0.000000,0.000000,0.000000,0.000000,0.000000,0.000000,0.000000,0.000000,0.000000,0.000000,0.000000,0.000000,0.000000,0.000000,0.000000,0.000000,0.000000,0.000000,0.000000,0.000000,
9.840000,10.309095,10.634560,10.840665,10.951680,10.991875,10.985520,10.956885,10.930240,10.929855,10.980000,11.058830,11.129040,11.191710,11.247920,11.298750,11.345280,11.388590,11.429760,11.469870,11.510000,11.550015,11.588720,11.625605,11.660160,11.691875,11.720240,11.744745,11.764880,11.780135,11.790000,11.793505,11.790640,11.782335,11.769520,11.753125,11.734080,11.713315,11.691760,11.670345,11.650000,11.629680,11.607840,11.584660,11.560320,9.990000,7.990000,5.989999,3.989999,1.989998,0.000000,0.000000,0.000000,0.000000,0.000000,0.000000,0.000000,0.000000,0.000000,0.000000,0.000000,0.000000,0.000000,0.000000,0.000000,0.000000,0.000000,0.000000,0.000000,0.000000,0.000000,0.000000,0.000000,0.000000,0.000000,0.000000,0.000000,0.000000,0.000000,0.000000,0.000000,0.000000,0.000000,0.000000,0.000000,0.000000,0.000000,0.000000,0.000000,0.000000,
10.490000,11.098550,11.592400,11.988350,12.303200,12.553750,12.756800,12.929150,13.087600,13.248950,13.430000,13.613105,13.771040,13.906235,14.021120,14.118125,14.199680,14.268215,14.326160,14.375945,14.420000,14.455535,14.478480,14.489345,14.488640,14.476875,14.454560,14.422205,14.380320,14.329415,14.270000,14.198635,14.112880,14.014745,13.906240,13.789375,13.666160,13.538605,13.408720,13.278515,13.150000,13.020555,12.886640,12.748885,11.990000,9.990000,7.990000,5.989999,3.989999,1.989998,0.000000,0.000000,0.000000,0.000000,0.000000,0.000000,0.000000,0.000000,0.000000,0.000000,0.000000,0.000000,0.000000,0.000000,0.000000,0.000000,0.000000,0.000000,0.000000,0.000000,0.000000,0.000000,0.000000,0.000000,0.000000,0.000000,0.000000,0.000000,0.000000,0.000000,0.000000,0.000000,0.000000,0.000000,0.000000,0.000000,0.000000,0.000000,0.000000,0.000000,
8.390000,8.978805,9.514640,10.001135,10.441920,10.840625,11.200880,11.526315,11.820560,12.087245,12.330000,12.541345,12.713360,12.849015,12.951280,13.023125,13.067520,13.087435,13.085840,13.065705,13.030000,12.972020,12.884960,12.771640,12.634880,12.477500,12.302320,12.112160,11.909840,11.698180,11.480000,11.248675,10.997600,10.729625,10.447600,10.154375,9.852800,9.545725,9.236000,8.926475,8.620000,8.313120,8.000960,7.684240,7.363680,7.040000,6.713920,5.989999,3.989999,1.989998,0.000000,0.000000,0.000000,0.000000,0.000000,0.000000,0.000000,0.000000,0.000000,0.000000,0.000000,0.000000,0.000000,0.000000,0.000000,0.000000,0.000000,0.000000,0.000000,0.000000,0.000000,0.000000,0.000000,0.000000,0.000000,0.000000,0.000000,0.000000,0.000000,0.000000,0.000000,0.000000,0.000000,0.000000,0.000000,0.000000,0.000000,0.000000,0.000000,0.000000,
14.110000,14.751590,15.182320,15.436630,15.548960,15.553750,15.485440,15.378470,15.267280,15.186310,15.170000,15.192485,15.203680,15.201695,15.184640,15.150625,15.097760,15.024155,14.927920,14.807165,14.660000,14.481790,14.271920,14.034530,13.773760,13.493750,13.198640,12.892570,12.579680,12.264110,11.950000,11.631245,11.300160,10.958515,10.608080,10.250625,9.887920,9.521735,9.153840,8.786005,8.420000,8.053675,7.684000,7.311425,6.936400,6.559375,6.180800,5.801125,3.989999,1.989998,0.000000,0.000000,0.000000,0.000000,0.000000,0.000000,0.000000,0.000000,0.000000,0.000000,0.000000,0.000000,0.000000,0.000000,0.000000,0.000000,0.000000,0.000000,0.000000,0.000000,0.000000,0.000000,0.000000,0.000000,0.000000,0.000000,0.000000,0.000000,0.000000,0.000000,0.000000,0.000000,0.000000,0.000000,0.000000,0.000000,0.000000,0.000000,0.000000,0.000000,
40.000000,40.000000,40.000000,40.000000,40.000000,40.000000,40.000000,40.000000,40.000000,40.000000,40.000000,40.000000,40.000000,40.000000,40.000000,40.000000,40.000000,40.000000,40.000000,40.000000,40.000000,40.000000,40.000000,40.000000,40.000000,40.000000,40.000000,40.000000,40.000000,40.000000,39.990000,37.990000,35.990000,33.990000,31.990000,29.990000,27.990000,25.989999,23.989999,21.989998,19.990000,17.990000,15.990000,13.990000,11.990000,9.990000,7.990000,5.989999,3.989999,1.989998,0.000000,0.000000,0.000000,0.000000,0.000000,0.000000,0.000000,0.000000,0.000000,0.000000,0.000000,0.000000,0.000000,0.000000,0.000000,0.000000,0.000000,0.000000,0.000000,0.000000,0.000000,0.000000,0.000000,0.000000,0.000000,0.000000,0.000000,0.000000,0.000000,0.000000,0.000000,0.000000,0.000000,0.000000,0.000000,0.000000,0.000000,0.000000,0.000000,0.000000,
-0.010000,0.585190,1.350720,2.256530,3.272560,4.368750,5.515040,6.681371,7.837681,8.953911,10.000000,10.956045,11.842160,12.688315,13.524480,14.380625,15.286720,16.272735,17.368641,18.604406,20.010000,21.605405,23.370640,25.275735,27.290720,29.385625,31.530481,33.695316,35.850162,37.965047,40.010000,42.010000,44.010000,46.010000,48.010000,50.010000,52.010000,54.010001,56.010001,58.010002,60.010000,62.010000,64.010000,66.010000,68.010000,70.010000,72.010000,74.010001,76.010001,78.010002,80.000000,80.000000,80.000000,80.000000,80.000000,80.000000,80.000000,80.000000,80.000000,0.000000,0.000000,0.000000,0.000000,0.000000,0.000000,0.000000,0.000000,0.000000,0.000000,0.000000,0.000000,0.000000,0.000000,0.000000,0.000000,0.000000,0.000000,0.000000,0.000000,0.000000,0.000000,0.000000,0.000000,0.000000,0.000000,0.000000,0.000000,0.000000,0.000000,0.000000,